precinct,measure,value
PI-08,% with college degree,0.720269887492295
PI-18,% with college degree,0.713029752399831
PI-25,% with college degree,0.66443342513807
PI-26,% with college degree,0.414842140984891
PI-02,% with college degree,0.708919145992544
PI-09,% with college degree,0.703650680028633
PI-10,% with college degree,0.658536642673031
PI-01,% with college degree,0.684495192307692
PI-04,% with college degree,0.561135757217175
PI-05,% with college degree,0.601251853618046
PI-06,% with college degree,0.614232393756011
PI-03,% with college degree,0.578525736403792
PI-07,% with college degree,0.510806470636008
PI-11,% with college degree,0.521838415159465
PI-12,% with college degree,0.470558115719406
PI-13,% with college degree,0.360336872396412
PI-17,% with college degree,0.487582437968789
PI-34,% with college degree,0.818483223537051
PI-41,% with college degree,0.818910256410256
WY-01,% with college degree,0.371257332997525
WY-02,% with college degree,0.450152066781615
PI-33,% with college degree,0.672865013774105
PI-44,% with college degree,0.672865013774105
PI-35,% with college degree,0.646406225026702
PI-42,% with college degree,0.647822765469824
PI-45,% with college degree,0.487204724409449
PI-46,% with college degree,0.430883394230275
PI-47,% with college degree,0.411170928667564
PI-14,% with college degree,0.306584362139918
PI-15,% with college degree,0.545803620405924
PI-16,% with college degree,0.545803620405924
PI-19,% with college degree,0.474449132676981
PI-20,% with college degree,0.474449132676981
PI-21,% with college degree,0.355499116006251
PI-22,% with college degree,0.487252250920249
PI-24,% with college degree,0.389194893157005
PI-23,% with college degree,0.482645115618086
PI-48,% with college degree,0.122055809608083
PI-36,% with college degree,0.453775582215949
32-02,% with college degree,0.117733003208401
PI-43,% with college degree,0.342923585248362
32-01,% with college degree,0.158931099777317
PI-49,% with college degree,0.245269286754003
32-03,% with college degree,0.203929625586285
PI-31,% with college degree,0.50903581566891
WS-52,% with college degree,0.338861845344611
PI-32,% with college degree,0.538939152924309
PI-30,% with college degree,0.298892938776885
PI-28,% with college degree,0.429815499086218
PI-29,% with college degree,0.332734889287852
PI-27,% with college degree,0.397708902084026
PI-50,% with college degree,0.382988924616163
PI-39,% with college degree,0.218861918906843
PI-40,% with college degree,0.467438734828946
PI-51,% with college degree,0.505250154416306
WS-67,% with college degree,0.739351422051974
PI-38,% with college degree,0.36766575035387
PI-37,% with college degree,0.434022257551669
WS-02,% with college degree,0.561659221796413
WS-11,% with college degree,0.653033401499659
WS-12,% with college degree,0.633365935401733
WS-01,% with college degree,0.348133848133848
WS-03,% with college degree,0.700141888955448
WS-04,% with college degree,0.642269039564092
WS-05,% with college degree,0.471691287411808
WS-13,% with college degree,0.371559297409446
WS-31,% with college degree,0.492742526844506
WS-24,% with college degree,0.415549597855228
WS-23,% with college degree,0.415932331821798
WS-14,% with college degree,0.713209487598948
WS-25,% with college degree,0.744496383206752
21-02,% with college degree,0.809669241934288
WS-26,% with college degree,0.826951747155869
WS-27,% with college degree,0.779765851270584
WS-42,% with college degree,0.637915002281007
WS-18,% with college degree,0.737692509500635
WS-17,% with college degree,0.847826086956522
WS-06,% with college degree,0.576417131983978
WS-07,% with college degree,0.229558026147925
WS-08,% with college degree,0.627727031471532
WS-09,% with college degree,0.71817610861739
WS-37,% with college degree,0.624863685932388
WS-19,% with college degree,0.797790041447548
WS-36,% with college degree,0.678697183098592
WS-10,% with college degree,0.66506189821183
WS-22,% with college degree,0.677281952332631
WS-29,% with college degree,0.750225290420582
WS-20,% with college degree,0.677559912854031
WS-28,% with college degree,0.761928019223281
WS-38,% with college degree,0.686440677966102
WS-21,% with college degree,0.677290836653386
WS-46,% with college degree,0.385355167528948
WS-47,% with college degree,0.397111019283746
WS-48,% with college degree,0.3991370176586
WS-44,% with college degree,0.669805696128463
WS-45,% with college degree,0.670384583017756
21-06,% with college degree,0.816792492713732
WS-43,% with college degree,0.649343751252724
WS-35,% with college degree,0.467324290998767
21-01,% with college degree,0.745631042760048
21-03,% with college degree,0.733950378941158
WS-15,% with college degree,0.7168706108669
WS-16,% with college degree,0.638239069109054
WS-34,% with college degree,0.84878469263462
WS-33,% with college degree,0.547309833024119
WS-41,% with college degree,0.486292321809019
WS-51,% with college degree,0.436793422404933
WS-40,% with college degree,0.630513302679321
WS-50,% with college degree,0.576637052745454
WS-32,% with college degree,0.74934725848564
WS-30,% with college degree,0.307683706831522
WS-39,% with college degree,0.210903795792155
WS-49,% with college degree,0.218714768883878
WS-53,% with college degree,0.298945264314995
WS-64,% with college degree,0.566731371865737
20-09,% with college degree,0.364208719999444
WS-68,% with college degree,0.740878169449598
WS-57,% with college degree,0.531049714526536
WS-54,% with college degree,0.628433009639159
WS-55,% with college degree,0.627184535008771
WS-58,% with college degree,0.48665159693262
WS-59,% with college degree,0.541247484909457
21-04,% with college degree,0.845768387319962
21-07,% with college degree,0.839326651213128
21-08,% with college degree,0.819964004812679
21-05,% with college degree,0.758280611001121
WS-63,% with college degree,0.604959085696615
LA-43,% with college degree,0.686540723946895
21-13,% with college degree,0.581906624062505
WS-61,% with college degree,0.711901493673679
21-09,% with college degree,0.565004215119456
WS-56,% with college degree,0.653149891383056
WS-62,% with college degree,0.44809037505866
WS-65,% with college degree,0.592928377153219
WS-66,% with college degree,0.592928377153219
WS-60,% with college degree,0.39797197157167
31-01,% with college degree,0.285754191256494
21-11,% with college degree,0.702255551817719
21-12,% with college degree,0.59971155853538
22-02,% with college degree,0.667782495734947
22-05,% with college degree,0.518073803276097
21-10,% with college degree,0.822066326408343
20-01,% with college degree,0.831007751937985
22-01,% with college degree,0.777195591779785
20-02,% with college degree,0.85251105208812
20-04,% with college degree,0.854022988505747
20-03,% with college degree,0.745434407874599
20-06,% with college degree,0.56669214465013
20-10,% with college degree,0.641871077180064
20-07,% with college degree,0.768673402891496
20-12,% with college degree,0.640857438432757
20-11,% with college degree,0.48539810760749
22-08,% with college degree,0.508200527164741
20-08,% with college degree,0.533757338947543
22-06,% with college degree,0.509408411585476
22-03,% with college degree,0.741948278746614
22-04,% with college degree,0.528616916934777
20-05,% with college degree,0.809731353797263
22-07,% with college degree,0.270464414915707
31-02,% with college degree,0.142193376167257
31-03,% with college degree,0.213136507944633
31-04,% with college degree,0.208689546857139
WS-69,% with college degree,0.456115107913669
LA-01,% with college degree,0.567733122875132
LA-02,% with college degree,0.615035043952727
LA-12,% with college degree,0.551019395073884
LA-03,% with college degree,0.702393340270552
LA-04,% with college degree,0.539874417687766
LA-20,% with college degree,0.432114571031059
LA-30,% with college degree,0.608246174251678
LA-31,% with college degree,0.522798251093067
LA-21,% with college degree,0.407116443359338
LA-22,% with college degree,0.518419502878018
LA-15,% with college degree,0.682156057031091
LA-24,% with college degree,0.833324146823225
LA-25,% with college degree,0.715909090909091
LA-26,% with college degree,0.590558065189231
LA-33,% with college degree,0.606707173818558
LA-47,% with college degree,0.568175915668274
LA-32,% with college degree,0.493838028169014
LA-23,% with college degree,0.586977817313459
LA-07,% with college degree,0.740396236890423
LA-08,% with college degree,0.750974930362117
LA-09,% with college degree,0.732518516874286
LA-16,% with college degree,0.623819876714161
LA-06,% with college degree,0.706303657104323
LA-05,% with college degree,0.639591242572076
LA-13,% with college degree,0.645324347093513
LA-14,% with college degree,0.645324347093513
LA-66,% with college degree,0.207543903412744
LA-67,% with college degree,0.334861635935531
27-12,% with college degree,0.128228976016843
27-14,% with college degree,0.184219009932237
LA-55,% with college degree,0.385267427491139
LA-56,% with college degree,0.352030456852792
LA-10,% with college degree,0.89988681715247
LA-11,% with college degree,0.868607265522423
LA-17,% with college degree,0.614452214452214
LA-27,% with college degree,0.613083846242836
LA-34,% with college degree,0.616455265414051
LA-40,% with college degree,0.681129630846219
LA-48,% with college degree,0.553077771860603
LA-18,% with college degree,0.598428633784374
LA-19,% with college degree,0.598428633784374
LA-29,% with college degree,0.559642147117296
LA-28,% with college degree,0.66356194388311
LA-49,% with college degree,0.370182950564422
LA-41,% with college degree,0.370182950564422
LA-42,% with college degree,0.334476834221309
LA-36,% with college degree,0.506003430531733
LA-35,% with college degree,0.666101050046661
LA-38,% with college degree,0.610207100591716
LA-39,% with college degree,0.610207100591716
LA-45,% with college degree,0.359343138148779
LA-37,% with college degree,0.724511747254327
27-02,% with college degree,0.273213017590337
LA-52,% with college degree,0.307991519326898
27-01,% with college degree,0.380302311982875
LA-51,% with college degree,0.420488111101575
LA-59,% with college degree,0.256485269029809
LA-53,% with college degree,0.265134674420299
LA-60,% with college degree,0.15646379889548
LA-58,% with college degree,0.168176631671952
LA-61,% with college degree,0.0966939043862121
LA-54,% with college degree,0
LA-62,% with college degree,0.139102564102564
LA-46,% with college degree,0.445789517521632
27-11,% with college degree,0.17606211600617
27-10,% with college degree,0.213120484232219
LA-65,% with college degree,0.204720818127856
LA-63,% with college degree,0.0814582332230265
27-09,% with college degree,0.163803657100222
27-08,% with college degree,0.146627275287409
LA-64,% with college degree,0.133584905660377
27-05,% with college degree,0.315116279069767
27-07,% with college degree,0.191190192228041
27-13,% with college degree,0.155653441693578
27-03,% with college degree,0.111763178654091
27-04,% with college degree,0.136983793633391
LA-57,% with college degree,0.185355544882681
27-06,% with college degree,0.080155383972918
WY-29,% with college degree,0.336098942511888
WY-30,% with college degree,0.457167414874182
WY-38,% with college degree,0.350868746188168
WY-39,% with college degree,0.304499151038933
WY-31,% with college degree,0.320890635232482
WY-32,% with college degree,0.336331915088135
29-01,% with college degree,0.18000055744621
29-08,% with college degree,0.21991341991342
WY-08,% with college degree,0.21991341991342
WY-07,% with college degree,0.332909783989835
WY-03,% with college degree,0.19708994757265
WY-04,% with college degree,0.161374133864623
WY-16,% with college degree,0.311368223480679
WY-17,% with college degree,0.485924112607099
WY-13,% with college degree,0.438693181899012
WY-06,% with college degree,0.422260893254407
WY-14,% with college degree,0.304425726441651
WY-05,% with college degree,0.229027962716378
WY-22,% with college degree,0.233256570145527
WY-11,% with college degree,0.350589441312148
WY-12,% with college degree,0.351058643090441
WY-09,% with college degree,0.396649637545307
29-09,% with college degree,0.345454545454545
29-02,% with college degree,0.173885350318471
WY-15,% with college degree,0.359735100124475
WY-21,% with college degree,0.347677069243579
29-04,% with college degree,0.121879264168882
29-03,% with college degree,0.0928961617295167
29-10,% with college degree,0.130990695734845
29-11,% with college degree,0.104112892683657
WY-10,% with college degree,0.302852894011886
29-05,% with college degree,0.084922331627503
29-07,% with college degree,0.313315291467221
29-06,% with college degree,0.280725898078967
29-16,% with college degree,0.125620147842254
29-15,% with college degree,0.234810329448357
29-18,% with college degree,0.102029177210337
29-12,% with college degree,0.183087027914614
29-13,% with college degree,0.183087027914614
29-17,% with college degree,0.0946176313074112
29-14,% with college degree,0.0958230958230958
WY-18,% with college degree,0.366352677931561
WY-23,% with college degree,0.331558298293611
WY-24,% with college degree,0.274094096472189
WY-25,% with college degree,0.0806335493160547
WY-26,% with college degree,0.0806335493160547
WY-27,% with college degree,0.297046938283821
WY-20,% with college degree,0.491499209721019
WY-28,% with college degree,0.462930958614752
WY-19,% with college degree,0.447723153713663
19-01,% with college degree,0.127353708079627
19-02,% with college degree,0.150064799158508
19-03,% with college degree,0.16657464611289
19-06,% with college degree,0.220592211295198
24-01,% with college degree,0.159213544508909
19-05,% with college degree,0.0773993808049536
19-04,% with college degree,0.0732312378537619
WY-36,% with college degree,0.149038641102793
WY-37,% with college degree,0.0799112097669257
WY-33,% with college degree,0.341213391685443
WY-40,% with college degree,0.292565024013714
WY-34,% with college degree,0.244078578815892
WY-42,% with college degree,0.414587332053743
WY-41,% with college degree,0.317913385826772
WY-35,% with college degree,0.315674891146589
WY-51,% with college degree,0.41920708406041
WY-56,% with college degree,0.275139854553154
WY-57,% with college degree,0.132643518398142
WY-55,% with college degree,0.421928817451206
WY-43,% with college degree,0.421928817451206
WY-44,% with college degree,0.260268714011516
WY-45,% with college degree,0.233695946394144
WY-49,% with college degree,0.260268714011516
WY-52,% with college degree,0.207114476023689
WY-53,% with college degree,0.109151047409041
WY-46,% with college degree,0.153770764504954
WY-50,% with college degree,0.160122238340954
WY-60,% with college degree,0.152824258153756
WY-58,% with college degree,0.0768796870158404
DE-03,% with college degree,0.152585826328496
WY-59,% with college degree,0.094105774195867
WY-47,% with college degree,0.168604549623283
WY-48,% with college degree,0.12736843769192
WY-54,% with college degree,0.181559945807462
24-04,% with college degree,0.0304286251241711
24-05,% with college degree,0.114374377754994
06-03,% with college degree,0.185303659200457
06-05,% with college degree,0.104775045729762
06-01,% with college degree,0.156890655701133
05-02,% with college degree,0.16633717452049
04-01,% with college degree,0.3272881028361
05-01,% with college degree,0.136069926577618
04-02,% with college degree,0.466428878899187
04-03,% with college degree,0.471530335358852
01-01,% with college degree,0.0787069107665587
01-02,% with college degree,0.146170199076413
23-02,% with college degree,0.103794066992508
04-04,% with college degree,0.327411277239666
23-01,% with college degree,0.0720268006700168
01-07,% with college degree,0.128670410407583
01-04,% with college degree,0.150144493058932
01-05,% with college degree,0.106573411767791
01-03,% with college degree,0.0994679035795848
01-06,% with college degree,0.148299742908285
01-08,% with college degree,0.0853088202757965
23-04,% with college degree,0.0748146017609054
03-01,% with college degree,0.371919442664724
23-03,% with college degree,0.231536866709221
04-05,% with college degree,0.346435120140704
05-03,% with college degree,0.1928949925835
05-06,% with college degree,0.114592279261378
06-04,% with college degree,0.0941356971068999
06-06,% with college degree,0.218925985964501
05-04,% with college degree,0.106584230900664
05-05,% with college degree,0.287234042553192
07-02,% with college degree,0.554508235438553
03-02,% with college degree,0.609091999006019
03-04,% with college degree,0.460201048451876
23-08,% with college degree,0.255724996334418
23-06,% with college degree,0.156699998107866
23-05,% with college degree,0.23254150455669
23-07,% with college degree,0.217213668575268
01-09,% with college degree,0.110341767460183
01-10,% with college degree,0.164426332568455
09-02,% with college degree,0.13600729653412
09-01,% with college degree,0.159044710057562
09-03,% with college degree,0.203802994738854
09-07,% with college degree,0.380562972897648
09-04,% with college degree,0.382544142574213
02-04,% with college degree,0.174996769485693
02-03,% with college degree,0.119306004013077
02-02,% with college degree,0.223495878105485
02-01,% with college degree,0.284315356367213
23-09,% with college degree,0.202070609679754
07-03,% with college degree,0.496049711975287
08-01,% with college degree,0.627206606770295
08-02,% with college degree,0.702495536153699
12-03,% with college degree,0.684159729835209
07-01,% with college degree,0.32644119758065
12-01,% with college degree,0.158235663844419
12-02,% with college degree,0.216791386391804
11-01,% with college degree,0.77447788133703
11-04,% with college degree,0.712244688590374
08-03,% with college degree,0.649578651685393
11-03,% with college degree,0.654970205122517
11-05,% with college degree,0.553209689991643
10-01,% with college degree,0.459434145087953
10-02,% with college degree,0.435484925699269
10-03,% with college degree,0.246645998981278
10-05,% with college degree,0.154185022026432
10-04,% with college degree,0.173200136918666
09-06,% with college degree,0.124298207687939
09-05,% with college degree,0.121157323688969
25-01,% with college degree,0.135045496215643
25-02,% with college degree,0.14194447370918
25-03,% with college degree,0.189494425020971
25-05,% with college degree,0.11793025896193
25-04,% with college degree,0.120242817312409
16-03,% with college degree,0.0639269406392694
16-01,% with college degree,0.174757499163102
16-02,% with college degree,0.0741113909422279
15-02,% with college degree,0.504680234627055
16-04,% with college degree,0.269027555122423
16-05,% with college degree,0.315356562942766
15-01,% with college degree,0.627791423847058
14-01,% with college degree,0.217432749504525
14-02,% with college degree,0.188410494420696
13-01,% with college degree,0.148136593857836
13-02,% with college degree,0.0933193297376902
13-03,% with college degree,0.165812485138491
17-02,% with college degree,0.0512530322930527
17-01,% with college degree,0.108751354480461
17-03,% with college degree,0.083238990216397
17-04,% with college degree,0.105514762322722
17-05,% with college degree,0.111674852637718
30-07,% with college degree,0.170234000772814
CO-02,% with college degree,0.260950037604449
CO-01,% with college degree,0.230746294755644
30-04,% with college degree,0.0758576642310578
30-06,% with college degree,0.100062074824702
30-05,% with college degree,0.141675284384695
30-01,% with college degree,0.277343215217645
30-03,% with college degree,0.343648901507418
13-05,% with college degree,0.247275733213324
30-02,% with college degree,0.443850267379679
13-04,% with college degree,0.152337858220211
28-03,% with college degree,0.0767821370114119
28-04,% with college degree,0.149889465362125
28-02,% with college degree,0.070198008744225
28-01,% with college degree,0.239048811013767
WR-01,% with college degree,0.14018535821001
28-12,% with college degree,0.160817015259968
WR-02,% with college degree,0.142552543244474
28-14,% with college degree,0.315350416004256
28-17,% with college degree,0.154229291348806
28-13,% with college degree,0.231717033684723
WR-03,% with college degree,0.170700636942675
28-05,% with college degree,0.0809806782662322
WR-05,% with college degree,0.206037288148741
WR-04,% with college degree,0.255925455082224
WR-10,% with college degree,0.351968156132034
WR-09,% with college degree,0.232715008431703
28-15,% with college degree,0.200732701536796
28-16,% with college degree,0.192454364122257
WR-06,% with college degree,0.234815282157828
WR-07,% with college degree,0.195590729156871
WR-08,% with college degree,0.196100749517968
WR-11,% with college degree,0.280448530771873
WR-12,% with college degree,0.366322701688555
WR-20,% with college degree,0.216076514431967
WR-21,% with college degree,0.240417985273576
WR-17,% with college degree,0.36757123004018
WR-25,% with college degree,0.0888733379986004
WR-15,% with college degree,0.0983965014577259
WR-16,% with college degree,0.264910536779324
WR-24,% with college degree,0.245353023815058
WR-27,% with college degree,0.383409544715555
WR-13,% with college degree,0.214924136909351
WR-14,% with college degree,0.329135180520571
WR-19,% with college degree,0.315106580166821
WR-26,% with college degree,0.0803848266278966
WR-23,% with college degree,0.251607187182485
WR-22,% with college degree,0.328991533930676
WR-18,% with college degree,0.234322810271269
28-08,% with college degree,0.190939858678113
28-10,% with college degree,0.113123016825033
18-03,% with college degree,0.5898226337466
28-09,% with college degree,0.253538548479427
28-11,% with college degree,0.450425562732217
28-07,% with college degree,0.17298937784522
28-06,% with college degree,0.328310092541248
18-01,% with college degree,0.597811730315169
18-02,% with college degree,0.600699083755072
18-04,% with college degree,0.469650835725864
18-06,% with college degree,0.296959124903118
18-07,% with college degree,0.237028528537103
18-05,% with college degree,0.313284864507601
WR-31,% with college degree,0.253271874079445
WR-32,% with college degree,0.274067011614713
WR-33,% with college degree,0.360737134319387
WR-34,% with college degree,0.325366809357874
WR-35,% with college degree,0.408119601053891
WR-30,% with college degree,0.0616436533908
WR-28,% with college degree,0.412638322655795
WR-29,% with college degree,0.412638322655795
WR-36,% with college degree,0.415384615384615
DE-02,% with college degree,0.155045152058786
DE-04,% with college degree,0.230341413577903
DE-05,% with college degree,0.229377597159304
DE-06,% with college degree,0.151677906531735
DE-10,% with college degree,0.257703210027509
DE-14,% with college degree,0.356274469400371
DE-15,% with college degree,0.356274469400371
DE-07,% with college degree,0.317269197100849
DE-11,% with college degree,0.35575780577852
DE-16,% with college degree,0.30543212755266
DE-12,% with college degree,0.340566554193971
DE-09,% with college degree,0.234890940702819
DE-13,% with college degree,0.25632183908046
DE-08,% with college degree,0.26291407795528
PE-26,% with college degree,0.417291217799008
PE-27,% with college degree,0.429374758066126
PE-45,% with college degree,0.476344412494865
PE-46,% with college degree,0.508474576271186
PE-51,% with college degree,0.508474576271186
PE-25,% with college degree,0.372433264887064
PE-35,% with college degree,0.372433264887064
PE-01,% with college degree,0.372433264887064
PE-34,% with college degree,0.372433264887064
PE-02,% with college degree,0.156910069006465
PE-03,% with college degree,0.210977076443437
26-02,% with college degree,0.137877465086456
PE-05,% with college degree,0.201704457506462
PE-04,% with college degree,0.148560583409665
26-01,% with college degree,0.112886991899519
PE-15,% with college degree,0.287074469427411
PE-14,% with college degree,0.280523481548623
PE-16,% with college degree,0.136986301369863
PE-20,% with college degree,0.300682777290173
PE-21,% with college degree,0.171938847717565
PE-07,% with college degree,0.187790524335638
PE-12,% with college degree,0.225690844137385
PE-06,% with college degree,0.239022998324485
PE-11,% with college degree,0.389093524296341
PE-10,% with college degree,0.148018491803544
PE-19,% with college degree,0.318505050835372
PE-13,% with college degree,0.208673423367762
PE-09,% with college degree,0.215783597311491
26-03,% with college degree,0.238841551750266
PE-08,% with college degree,0.296423020122804
PE-17,% with college degree,0.206545492254754
PE-18,% with college degree,0.173601051806361
PE-23,% with college degree,0.362359994270703
PE-24,% with college degree,0.190977265622317
PE-32,% with college degree,0.434747060016127
PE-41,% with college degree,0.403486978179829
PE-42,% with college degree,0.445895950584717
PE-33,% with college degree,0.565543608418053
PE-43,% with college degree,0.548275862068966
PE-44,% with college degree,0.228710963930913
PE-39,% with college degree,0.233286862044412
PE-40,% with college degree,0.279574192145112
PE-30,% with college degree,0.401121497912246
PE-31,% with college degree,0.315128855691017
PE-29,% with college degree,0.496344963159706
PE-28,% with college degree,0.629845990440786
PE-22,% with college degree,0.629845990440786
PE-37,% with college degree,0.297958428541198
PE-38,% with college degree,0.404126213592233
PE-48,% with college degree,0.41696105347145
PE-36,% with college degree,0.387959866220736
PE-53,% with college degree,0.42244121803043
PE-54,% with college degree,0.421517281007408
PE-47,% with college degree,0.522673359438169
PE-52,% with college degree,0.522700663259048
PE-55,% with college degree,0.309065797070779
PE-49,% with college degree,0.176510545971739
PE-56,% with college degree,0.134012131436339
PE-57,% with college degree,0.216127519924988
PE-50,% with college degree,0.230078869434301
PE-58,% with college degree,0.216127519924988
FR-02,% with college degree,0.306113859636749
FR-03,% with college degree,0.354581166864963
FR-08,% with college degree,0.549834285875334
FR-01,% with college degree,0.266344028875214
FR-06,% with college degree,0.421230574937708
FR-07,% with college degree,0.430909090909091
FR-05,% with college degree,0.398381294964029
FR-14,% with college degree,0.386226962926576
FR-04,% with college degree,0.38335756724432
FR-15,% with college degree,0.31412411356705
FR-29,% with college degree,0.387290318426119
FR-11,% with college degree,0.543257989088075
FR-12,% with college degree,0.543257989088075
FR-17,% with college degree,0.548849026729209
FR-18,% with college degree,0.487861459612376
FR-21,% with college degree,0.433664998831574
FR-22,% with college degree,0.41386455295775
FR-23,% with college degree,0.480388289620125
FR-26,% with college degree,0.422940480882933
FR-27,% with college degree,0.422940480882933
FR-13,% with college degree,0.526556776556777
FR-19,% with college degree,0.549145588997221
FR-28,% with college degree,0.587619047619048
FR-24,% with college degree,0.587619047619048
FR-09,% with college degree,0.197067427218948
FR-10,% with college degree,0.312989045383412
FR-16,% with college degree,0.497530243421752
FR-25,% with college degree,0.453057708871662
FR-20,% with college degree,0.557021794549254
06-02,% with college degree,0.182461418196508
LA-44,% with college degree,0.365185185185185
LA-50,% with college degree,0.365185185185185
24-03,% with college degree,0.232333939564309
24-02,% with college degree,0.187042842215256
DE-01,% with college degree,0.0721564868143262
03-03,% with college degree,0.598782418372424
03-05,% with college degree,0.629732704991347
11-02,% with college degree,0.811789622624586
PI-08,"% white, non-Hispanic",0.68753381394265
PI-18,"% white, non-Hispanic",0.607702298586166
PI-25,"% white, non-Hispanic",0.649482522553704
PI-26,"% white, non-Hispanic",0.299577593330994
PI-02,"% white, non-Hispanic",0.740411609966505
PI-09,"% white, non-Hispanic",0.546900713110258
PI-10,"% white, non-Hispanic",0.506337087851886
PI-01,"% white, non-Hispanic",0.625149700598802
PI-04,"% white, non-Hispanic",0.527993564952283
PI-05,"% white, non-Hispanic",0.652070627996672
PI-06,"% white, non-Hispanic",0.743216441867237
PI-03,"% white, non-Hispanic",0.603755135349878
PI-07,"% white, non-Hispanic",0.644709352552362
PI-11,"% white, non-Hispanic",0.530725260512759
PI-12,"% white, non-Hispanic",0.479017400204708
PI-13,"% white, non-Hispanic",0.576336543616959
PI-17,"% white, non-Hispanic",0.388856105687268
PI-34,"% white, non-Hispanic",0.854542795371129
PI-41,"% white, non-Hispanic",0.855093256814921
WY-01,"% white, non-Hispanic",0.812392338854842
WY-02,"% white, non-Hispanic",0.7726301514235
PI-33,"% white, non-Hispanic",0.666835443037975
PI-44,"% white, non-Hispanic",0.666835443037975
PI-35,"% white, non-Hispanic",0.424329730902885
PI-42,"% white, non-Hispanic",0.476649746192893
PI-45,"% white, non-Hispanic",0.421052631578947
PI-46,"% white, non-Hispanic",0.30129040191028
PI-47,"% white, non-Hispanic",0.259373621526246
PI-14,"% white, non-Hispanic",0.280417149478563
PI-15,"% white, non-Hispanic",0.396685082872928
PI-16,"% white, non-Hispanic",0.396685082872928
PI-19,"% white, non-Hispanic",0.483233321567243
PI-20,"% white, non-Hispanic",0.483233321567243
PI-21,"% white, non-Hispanic",0.136273907750603
PI-22,"% white, non-Hispanic",0.222611074245833
PI-24,"% white, non-Hispanic",0.134445199695794
PI-23,"% white, non-Hispanic",0.195659373650571
PI-48,"% white, non-Hispanic",0.121519392967254
PI-36,"% white, non-Hispanic",0.243304413428895
32-02,"% white, non-Hispanic",0.0821802293649547
PI-43,"% white, non-Hispanic",0.102710349419981
32-01,"% white, non-Hispanic",0.18257640585143
PI-49,"% white, non-Hispanic",0.0444177671068427
32-03,"% white, non-Hispanic",0.0668972572457013
PI-31,"% white, non-Hispanic",0.255134968993039
WS-52,"% white, non-Hispanic",0.511733203527454
PI-32,"% white, non-Hispanic",0.356904016355832
PI-30,"% white, non-Hispanic",0.1243230830959
PI-28,"% white, non-Hispanic",0.335100564361536
PI-29,"% white, non-Hispanic",0.126675603217158
PI-27,"% white, non-Hispanic",0.267752324829145
PI-50,"% white, non-Hispanic",0.0974693522237284
PI-39,"% white, non-Hispanic",0.0809783129846155
PI-40,"% white, non-Hispanic",0.295131797551683
PI-51,"% white, non-Hispanic",0.251135172895564
WS-67,"% white, non-Hispanic",0.586360006591202
PI-38,"% white, non-Hispanic",0.13183474862524
PI-37,"% white, non-Hispanic",0.161468812877264
WS-02,"% white, non-Hispanic",0.717439560078082
WS-11,"% white, non-Hispanic",0.758521363418147
WS-12,"% white, non-Hispanic",0.701365348143237
WS-01,"% white, non-Hispanic",0.580088495575221
WS-03,"% white, non-Hispanic",0.673857026697118
WS-04,"% white, non-Hispanic",0.908524392238244
WS-05,"% white, non-Hispanic",0.715576070826097
WS-13,"% white, non-Hispanic",0.404048833938792
WS-31,"% white, non-Hispanic",0.452645298193289
WS-24,"% white, non-Hispanic",0.577217962760131
WS-23,"% white, non-Hispanic",0.171399490423031
WS-14,"% white, non-Hispanic",0.779847772125144
WS-25,"% white, non-Hispanic",0.737087545627391
21-02,"% white, non-Hispanic",0.947844889757999
WS-26,"% white, non-Hispanic",0.898250271045276
WS-27,"% white, non-Hispanic",0.939751131592659
WS-42,"% white, non-Hispanic",0.930211595907904
WS-18,"% white, non-Hispanic",0.927978780998536
WS-17,"% white, non-Hispanic",0.949412827461608
WS-06,"% white, non-Hispanic",0.703522404678791
WS-07,"% white, non-Hispanic",0.477530955880965
WS-08,"% white, non-Hispanic",0.841755485853123
WS-09,"% white, non-Hispanic",0.701677720378319
WS-37,"% white, non-Hispanic",0.957244655581948
WS-19,"% white, non-Hispanic",0.877536849957623
WS-36,"% white, non-Hispanic",0.869598180439727
WS-10,"% white, non-Hispanic",0.631930184804928
WS-22,"% white, non-Hispanic",0.534587215287691
WS-29,"% white, non-Hispanic",0.909066585140915
WS-20,"% white, non-Hispanic",0.839582052858021
WS-28,"% white, non-Hispanic",0.930949733637003
WS-38,"% white, non-Hispanic",0.869822485207101
WS-21,"% white, non-Hispanic",0.734604105571848
WS-46,"% white, non-Hispanic",0.67474866597561
WS-47,"% white, non-Hispanic",0.59494536083538
WS-48,"% white, non-Hispanic",0.581192093960773
WS-44,"% white, non-Hispanic",0.745202167748292
WS-45,"% white, non-Hispanic",0.756533733262696
21-06,"% white, non-Hispanic",0.963168636236189
WS-43,"% white, non-Hispanic",0.893884680548301
WS-35,"% white, non-Hispanic",0.91683569979716
21-01,"% white, non-Hispanic",0.879836634054149
21-03,"% white, non-Hispanic",0.850020718076238
WS-15,"% white, non-Hispanic",0.872667314553698
WS-16,"% white, non-Hispanic",0.848721280419682
WS-34,"% white, non-Hispanic",0.866376237266912
WS-33,"% white, non-Hispanic",0.704755145493258
WS-41,"% white, non-Hispanic",0.598242157087847
WS-51,"% white, non-Hispanic",0.511836212412028
WS-40,"% white, non-Hispanic",0.548162633005571
WS-50,"% white, non-Hispanic",0.51595770706598
WS-32,"% white, non-Hispanic",0.81505376344086
WS-30,"% white, non-Hispanic",0.134293577484189
WS-39,"% white, non-Hispanic",0.194358322984777
WS-49,"% white, non-Hispanic",0.170319348778961
WS-53,"% white, non-Hispanic",0.307245807604732
WS-64,"% white, non-Hispanic",0.251009608332208
20-09,"% white, non-Hispanic",0.23401312732269
WS-68,"% white, non-Hispanic",0.588546255506608
WS-57,"% white, non-Hispanic",0.259597875459738
WS-54,"% white, non-Hispanic",0.463188560480168
WS-55,"% white, non-Hispanic",0.458833524218994
WS-58,"% white, non-Hispanic",0.361421086100355
WS-59,"% white, non-Hispanic",0.843702579666161
21-04,"% white, non-Hispanic",0.969724297912316
21-07,"% white, non-Hispanic",0.896511006250878
21-08,"% white, non-Hispanic",0.886656573091844
21-05,"% white, non-Hispanic",0.866873795243222
WS-63,"% white, non-Hispanic",0.664697272420031
LA-43,"% white, non-Hispanic",0.78921066025507
21-13,"% white, non-Hispanic",0.744333713234676
WS-61,"% white, non-Hispanic",0.75695383577039
21-09,"% white, non-Hispanic",0.843615624953091
WS-56,"% white, non-Hispanic",0.662630709961475
WS-62,"% white, non-Hispanic",0.540644683326267
WS-65,"% white, non-Hispanic",0.340534979423868
WS-66,"% white, non-Hispanic",0.340534979423868
WS-60,"% white, non-Hispanic",0.43785217793466
31-01,"% white, non-Hispanic",0.124306333399
21-11,"% white, non-Hispanic",0.90357175190553
21-12,"% white, non-Hispanic",0.878632528971247
22-02,"% white, non-Hispanic",0.659084041358003
22-05,"% white, non-Hispanic",0.577844193030274
21-10,"% white, non-Hispanic",0.882655695177951
20-01,"% white, non-Hispanic",0.806451612903226
22-01,"% white, non-Hispanic",0.88877419345301
20-02,"% white, non-Hispanic",0.87598934499747
20-04,"% white, non-Hispanic",0.772616136919315
20-03,"% white, non-Hispanic",0.850760976233423
20-06,"% white, non-Hispanic",0.645450142984669
20-10,"% white, non-Hispanic",0.596034919061069
20-07,"% white, non-Hispanic",0.796403533792633
20-12,"% white, non-Hispanic",0.626145320192202
20-11,"% white, non-Hispanic",0.455920296995249
22-08,"% white, non-Hispanic",0.402463148412652
20-08,"% white, non-Hispanic",0.626091338728426
22-06,"% white, non-Hispanic",0.620373529104067
22-03,"% white, non-Hispanic",0.809238416953357
22-04,"% white, non-Hispanic",0.622413700613602
20-05,"% white, non-Hispanic",0.857275339598868
22-07,"% white, non-Hispanic",0.222685178272319
31-02,"% white, non-Hispanic",0.0433292121729171
31-03,"% white, non-Hispanic",0.100702576112412
31-04,"% white, non-Hispanic",0.124329066151804
WS-69,"% white, non-Hispanic",0.0936416184971098
LA-01,"% white, non-Hispanic",0.773147626871672
LA-02,"% white, non-Hispanic",0.836594079679051
LA-12,"% white, non-Hispanic",0.463685412727206
LA-03,"% white, non-Hispanic",0.682170542635659
LA-04,"% white, non-Hispanic",0.720995665897867
LA-20,"% white, non-Hispanic",0.778705830148927
LA-30,"% white, non-Hispanic",0.718460001974633
LA-31,"% white, non-Hispanic",0.632792485055508
LA-21,"% white, non-Hispanic",0.610768387932535
LA-22,"% white, non-Hispanic",0.828250440670713
LA-15,"% white, non-Hispanic",0.705637151095401
LA-24,"% white, non-Hispanic",0.919249978875153
LA-25,"% white, non-Hispanic",0.834302325581395
LA-26,"% white, non-Hispanic",0.671804436088659
LA-33,"% white, non-Hispanic",0.803463718649806
LA-47,"% white, non-Hispanic",0.53931058457373
LA-32,"% white, non-Hispanic",0.771589486858573
LA-23,"% white, non-Hispanic",0.74834871349124
LA-07,"% white, non-Hispanic",0.903941098177487
LA-08,"% white, non-Hispanic",0.939967767929089
LA-09,"% white, non-Hispanic",0.921054116243179
LA-16,"% white, non-Hispanic",0.915362938310118
LA-06,"% white, non-Hispanic",0.933208224611369
LA-05,"% white, non-Hispanic",0.837511738384184
LA-13,"% white, non-Hispanic",0.864583333333333
LA-14,"% white, non-Hispanic",0.864583333333333
LA-66,"% white, non-Hispanic",0.124331065872146
LA-67,"% white, non-Hispanic",0.375748849638069
27-12,"% white, non-Hispanic",0.211280294814881
27-14,"% white, non-Hispanic",0.195680348413105
LA-55,"% white, non-Hispanic",0.407307191668782
LA-56,"% white, non-Hispanic",0.405803777061262
LA-10,"% white, non-Hispanic",0.799273776302261
LA-11,"% white, non-Hispanic",0.856598789463686
LA-17,"% white, non-Hispanic",0.949152542372881
LA-27,"% white, non-Hispanic",0.778596117572047
LA-34,"% white, non-Hispanic",0.615449146524809
LA-40,"% white, non-Hispanic",0.649883810376845
LA-48,"% white, non-Hispanic",0.534360589667285
LA-18,"% white, non-Hispanic",0.687316421895861
LA-19,"% white, non-Hispanic",0.687316421895861
LA-29,"% white, non-Hispanic",0.860482654600302
LA-28,"% white, non-Hispanic",0.677758499449676
LA-49,"% white, non-Hispanic",0.463938618925831
LA-41,"% white, non-Hispanic",0.463938618925831
LA-42,"% white, non-Hispanic",0.505746014380125
LA-36,"% white, non-Hispanic",0.81921568627451
LA-35,"% white, non-Hispanic",0.729669725782016
LA-38,"% white, non-Hispanic",0.59271523178808
LA-39,"% white, non-Hispanic",0.59271523178808
LA-45,"% white, non-Hispanic",0.472434627873191
LA-37,"% white, non-Hispanic",0.834806478419222
27-02,"% white, non-Hispanic",0.228434240124389
LA-52,"% white, non-Hispanic",0.181769540395344
27-01,"% white, non-Hispanic",0.2833280606285
LA-51,"% white, non-Hispanic",0.311798281649467
LA-59,"% white, non-Hispanic",0.574165309285379
LA-53,"% white, non-Hispanic",0.590837366147168
LA-60,"% white, non-Hispanic",0.438746947269704
LA-58,"% white, non-Hispanic",0.577338967949667
LA-61,"% white, non-Hispanic",0.445023579442962
LA-54,"% white, non-Hispanic",0.466794995187681
LA-62,"% white, non-Hispanic",0.897326203208556
LA-46,"% white, non-Hispanic",0.452798821356197
27-11,"% white, non-Hispanic",0.257409094783688
27-10,"% white, non-Hispanic",0.197740486030561
LA-65,"% white, non-Hispanic",0.174636481161476
LA-63,"% white, non-Hispanic",0.232495982439428
27-09,"% white, non-Hispanic",0.169084279989817
27-08,"% white, non-Hispanic",0.328050313292837
LA-64,"% white, non-Hispanic",0.234835355285962
27-05,"% white, non-Hispanic",0.0862908837856646
27-07,"% white, non-Hispanic",0.150889614786792
27-13,"% white, non-Hispanic",0.0485039253423193
27-03,"% white, non-Hispanic",0.034892942109437
27-04,"% white, non-Hispanic",0.0630850944847562
LA-57,"% white, non-Hispanic",0.0898992013878503
27-06,"% white, non-Hispanic",0.0778165024159359
WY-29,"% white, non-Hispanic",0.781297165299663
WY-30,"% white, non-Hispanic",0.84755034071631
WY-38,"% white, non-Hispanic",0.840834799380468
WY-39,"% white, non-Hispanic",0.661562196333888
WY-31,"% white, non-Hispanic",0.202953426732298
WY-32,"% white, non-Hispanic",0.541280268572666
29-01,"% white, non-Hispanic",0.123964172239808
29-08,"% white, non-Hispanic",0.202004219409283
WY-08,"% white, non-Hispanic",0.202004219409283
WY-07,"% white, non-Hispanic",0.31980115990058
WY-03,"% white, non-Hispanic",0.303350676123742
WY-04,"% white, non-Hispanic",0.105236919728489
WY-16,"% white, non-Hispanic",0.766681126452454
WY-17,"% white, non-Hispanic",0.459556191839656
WY-13,"% white, non-Hispanic",0.621044866085486
WY-06,"% white, non-Hispanic",0.366817878398761
WY-14,"% white, non-Hispanic",0.498727729426259
WY-05,"% white, non-Hispanic",0.457261029411765
WY-22,"% white, non-Hispanic",0.714883531602953
WY-11,"% white, non-Hispanic",0.808646616541353
WY-12,"% white, non-Hispanic",0.676180253173027
WY-09,"% white, non-Hispanic",0.774699585798474
29-09,"% white, non-Hispanic",0.405714285714286
29-02,"% white, non-Hispanic",0.348108108108108
WY-15,"% white, non-Hispanic",0.593925507938784
WY-21,"% white, non-Hispanic",0.772858334394689
29-04,"% white, non-Hispanic",0.13378957822873
29-03,"% white, non-Hispanic",0.0943843278999536
29-10,"% white, non-Hispanic",0.114191074573085
29-11,"% white, non-Hispanic",0.297472324350165
WY-10,"% white, non-Hispanic",0.695103095365854
29-05,"% white, non-Hispanic",0.333261011044816
29-07,"% white, non-Hispanic",0.347310731905241
29-06,"% white, non-Hispanic",0.113767845985895
29-16,"% white, non-Hispanic",0.127850227403294
29-15,"% white, non-Hispanic",0.248618190857623
29-18,"% white, non-Hispanic",0.145878799016712
29-12,"% white, non-Hispanic",0.26865671641791
29-13,"% white, non-Hispanic",0.26865671641791
29-17,"% white, non-Hispanic",0.345079146027913
29-14,"% white, non-Hispanic",0.268790849673203
WY-18,"% white, non-Hispanic",0.580417544572608
WY-23,"% white, non-Hispanic",0.641612328530759
WY-24,"% white, non-Hispanic",0.777988720181735
WY-25,"% white, non-Hispanic",0.254756380510441
WY-26,"% white, non-Hispanic",0.254756380510441
WY-27,"% white, non-Hispanic",0.699650359552408
WY-20,"% white, non-Hispanic",0.747011389717956
WY-28,"% white, non-Hispanic",0.832721979742032
WY-19,"% white, non-Hispanic",0.491866503459025
19-01,"% white, non-Hispanic",0.485033519529663
19-02,"% white, non-Hispanic",0.12864046569392
19-03,"% white, non-Hispanic",0.0501559098501313
19-06,"% white, non-Hispanic",0.0637751856646516
24-01,"% white, non-Hispanic",0.479243239617636
19-05,"% white, non-Hispanic",0.118348623853211
19-04,"% white, non-Hispanic",0.481396531355744
WY-36,"% white, non-Hispanic",0.677455129701063
WY-37,"% white, non-Hispanic",0.361867704280156
WY-33,"% white, non-Hispanic",0.747245212636331
WY-40,"% white, non-Hispanic",0.668029406776624
WY-34,"% white, non-Hispanic",0.248426826187679
WY-42,"% white, non-Hispanic",0.590448625180897
WY-41,"% white, non-Hispanic",0.247236180904523
WY-35,"% white, non-Hispanic",0.241762604208019
WY-51,"% white, non-Hispanic",0.445430105876546
WY-56,"% white, non-Hispanic",0.566872061737694
WY-57,"% white, non-Hispanic",0.791711921446615
WY-55,"% white, non-Hispanic",0.443135811556864
WY-43,"% white, non-Hispanic",0.443135811556864
WY-44,"% white, non-Hispanic",0.531566640685893
WY-45,"% white, non-Hispanic",0.490598761189237
WY-49,"% white, non-Hispanic",0.531566640685893
WY-52,"% white, non-Hispanic",0.457257161480752
WY-53,"% white, non-Hispanic",0.809559939301973
WY-46,"% white, non-Hispanic",0.569100401779155
WY-50,"% white, non-Hispanic",0.549323596351967
WY-60,"% white, non-Hispanic",0.812599087847218
WY-58,"% white, non-Hispanic",0.75128809967684
DE-03,"% white, non-Hispanic",0.610080982538259
WY-59,"% white, non-Hispanic",0.946576473437208
WY-47,"% white, non-Hispanic",0.63518948883097
WY-48,"% white, non-Hispanic",0.746485838341508
WY-54,"% white, non-Hispanic",0.746250739984638
24-04,"% white, non-Hispanic",0.517066270985178
24-05,"% white, non-Hispanic",0.546200020213631
06-03,"% white, non-Hispanic",0.100515878830423
06-05,"% white, non-Hispanic",0.0243451661772901
06-01,"% white, non-Hispanic",0.13692017079135
05-02,"% white, non-Hispanic",0.160929129641765
04-01,"% white, non-Hispanic",0.276037674285557
05-01,"% white, non-Hispanic",0.122700767583432
04-02,"% white, non-Hispanic",0.274061709024924
04-03,"% white, non-Hispanic",0.385834099727908
01-01,"% white, non-Hispanic",0.0131147540983607
01-02,"% white, non-Hispanic",0.0377890902850117
23-02,"% white, non-Hispanic",0.00495017679202829
04-04,"% white, non-Hispanic",0.258906451457531
23-01,"% white, non-Hispanic",0.0274509803921569
01-07,"% white, non-Hispanic",0.0731226860740084
01-04,"% white, non-Hispanic",0.0949043939595395
01-05,"% white, non-Hispanic",0.0276341357094749
01-03,"% white, non-Hispanic",0.097677383402605
01-06,"% white, non-Hispanic",0.0822232126637345
01-08,"% white, non-Hispanic",0.10212592159572
23-04,"% white, non-Hispanic",0.0152196261407226
03-01,"% white, non-Hispanic",0.333543460269696
23-03,"% white, non-Hispanic",0.152960132938058
04-05,"% white, non-Hispanic",0.401339409176619
05-03,"% white, non-Hispanic",0.17676163392485
05-06,"% white, non-Hispanic",0.0782069696533334
06-04,"% white, non-Hispanic",0.031632247623745
06-06,"% white, non-Hispanic",0.252045303135649
05-04,"% white, non-Hispanic",0.0772071489372333
05-05,"% white, non-Hispanic",0.132743362831858
07-02,"% white, non-Hispanic",0.57854855902936
03-02,"% white, non-Hispanic",0.59712646493988
03-04,"% white, non-Hispanic",0.30376128093625
23-08,"% white, non-Hispanic",0.157629020076817
23-06,"% white, non-Hispanic",0.0268706816764184
23-05,"% white, non-Hispanic",0.0426339100371279
23-07,"% white, non-Hispanic",0.0690861912825286
01-09,"% white, non-Hispanic",0.0809986830482575
01-10,"% white, non-Hispanic",0.110960739635675
09-02,"% white, non-Hispanic",0.55064056773501
09-01,"% white, non-Hispanic",0.64947941506086
09-03,"% white, non-Hispanic",0.616385573066161
09-07,"% white, non-Hispanic",0.76384050897428
09-04,"% white, non-Hispanic",0.824135897649117
02-04,"% white, non-Hispanic",0.41939669956629
02-03,"% white, non-Hispanic",0.343496076645258
02-02,"% white, non-Hispanic",0.604903864682488
02-01,"% white, non-Hispanic",0.584603315080241
23-09,"% white, non-Hispanic",0.214293179488949
07-03,"% white, non-Hispanic",0.672763474277459
08-01,"% white, non-Hispanic",0.706716617238363
08-02,"% white, non-Hispanic",0.712073093139955
12-03,"% white, non-Hispanic",0.623780589856358
07-01,"% white, non-Hispanic",0.258204780170045
12-01,"% white, non-Hispanic",0.490633953293072
12-02,"% white, non-Hispanic",0.482584560589216
11-01,"% white, non-Hispanic",0.767526576796961
11-04,"% white, non-Hispanic",0.706799399788145
08-03,"% white, non-Hispanic",0.705529646902065
11-03,"% white, non-Hispanic",0.626199125161836
11-05,"% white, non-Hispanic",0.632339468809942
10-01,"% white, non-Hispanic",0.751755351849743
10-02,"% white, non-Hispanic",0.747079244725424
10-03,"% white, non-Hispanic",0.418777192851152
10-05,"% white, non-Hispanic",0.356763925729443
10-04,"% white, non-Hispanic",0.442719957431941
09-06,"% white, non-Hispanic",0.435073426301976
09-05,"% white, non-Hispanic",0.385115180153574
25-01,"% white, non-Hispanic",0.570347887225886
25-02,"% white, non-Hispanic",0.620113899754768
25-03,"% white, non-Hispanic",0.610631033812815
25-05,"% white, non-Hispanic",0.747530373146949
25-04,"% white, non-Hispanic",0.780581620911599
16-03,"% white, non-Hispanic",0.547974413646056
16-01,"% white, non-Hispanic",0.741147596223922
16-02,"% white, non-Hispanic",0.687654856136665
15-02,"% white, non-Hispanic",0.768585970322389
16-04,"% white, non-Hispanic",0.853278552486452
16-05,"% white, non-Hispanic",0.802990669822926
15-01,"% white, non-Hispanic",0.65697251978999
14-01,"% white, non-Hispanic",0.772984288212061
14-02,"% white, non-Hispanic",0.732832375114712
13-01,"% white, non-Hispanic",0.670080679861315
13-02,"% white, non-Hispanic",0.882751251570514
13-03,"% white, non-Hispanic",0.80805940294799
17-02,"% white, non-Hispanic",0.654750983553411
17-01,"% white, non-Hispanic",0.566106706035919
17-03,"% white, non-Hispanic",0.262621955275054
17-04,"% white, non-Hispanic",0.774578747031142
17-05,"% white, non-Hispanic",0.877356280410885
30-07,"% white, non-Hispanic",0.613982827467646
CO-02,"% white, non-Hispanic",0.926626863429837
CO-01,"% white, non-Hispanic",0.867880693324044
30-04,"% white, non-Hispanic",0.597851468782791
30-06,"% white, non-Hispanic",0.720522557035828
30-05,"% white, non-Hispanic",0.721603563474388
30-01,"% white, non-Hispanic",0.876932953726689
30-03,"% white, non-Hispanic",0.769696001138922
13-05,"% white, non-Hispanic",0.700980088233572
30-02,"% white, non-Hispanic",0.934725848563969
13-04,"% white, non-Hispanic",0.667667667667668
28-03,"% white, non-Hispanic",0.217779188772008
28-04,"% white, non-Hispanic",0.313988771353336
28-02,"% white, non-Hispanic",0.117469667386923
28-01,"% white, non-Hispanic",0.0613445378151261
WR-01,"% white, non-Hispanic",0.448050163731488
28-12,"% white, non-Hispanic",0.185817891668919
WR-02,"% white, non-Hispanic",0.503086288740014
28-14,"% white, non-Hispanic",0.274206633954213
28-17,"% white, non-Hispanic",0.455490287049514
28-13,"% white, non-Hispanic",0.268197114769165
WR-03,"% white, non-Hispanic",0.504963314630988
28-05,"% white, non-Hispanic",0.244816261147
WR-05,"% white, non-Hispanic",0.210554876777877
WR-04,"% white, non-Hispanic",0.227060999608588
WR-10,"% white, non-Hispanic",0.348653313601734
WR-09,"% white, non-Hispanic",0.229268292682927
28-15,"% white, non-Hispanic",0.233415450791852
28-16,"% white, non-Hispanic",0.128866612725597
WR-06,"% white, non-Hispanic",0.280787692062949
WR-07,"% white, non-Hispanic",0.26966962479257
WR-08,"% white, non-Hispanic",0.271897912396617
WR-11,"% white, non-Hispanic",0.298102645956247
WR-12,"% white, non-Hispanic",0.363023732786405
WR-20,"% white, non-Hispanic",0.459968418186335
WR-21,"% white, non-Hispanic",0.364023086623435
WR-17,"% white, non-Hispanic",0.340833755831573
WR-25,"% white, non-Hispanic",0.683123877917415
WR-15,"% white, non-Hispanic",0.554282596835788
WR-16,"% white, non-Hispanic",0.400114810562572
WR-24,"% white, non-Hispanic",0.835241137208736
WR-27,"% white, non-Hispanic",0.650761901099646
WR-13,"% white, non-Hispanic",0.497244893012032
WR-14,"% white, non-Hispanic",0.720822281167109
WR-19,"% white, non-Hispanic",0.619278779472954
WR-26,"% white, non-Hispanic",0.809884899106403
WR-23,"% white, non-Hispanic",0.760289182799839
WR-22,"% white, non-Hispanic",0.764769540923605
WR-18,"% white, non-Hispanic",0.671127047690976
28-08,"% white, non-Hispanic",0.596548699515723
28-10,"% white, non-Hispanic",0.575313335909667
18-03,"% white, non-Hispanic",0.777446350836873
28-09,"% white, non-Hispanic",0.613295544171836
28-11,"% white, non-Hispanic",0.916816174866723
28-07,"% white, non-Hispanic",0.716954022988506
28-06,"% white, non-Hispanic",0.729460607895148
18-01,"% white, non-Hispanic",0.941857711089175
18-02,"% white, non-Hispanic",0.923851467112943
18-04,"% white, non-Hispanic",0.725910160330874
18-06,"% white, non-Hispanic",0.920024182793169
18-07,"% white, non-Hispanic",0.72255965282517
18-05,"% white, non-Hispanic",0.762531860662702
WR-31,"% white, non-Hispanic",0.603380656496098
WR-32,"% white, non-Hispanic",0.575088870420767
WR-33,"% white, non-Hispanic",0.659125375836026
WR-34,"% white, non-Hispanic",0.670987396725793
WR-35,"% white, non-Hispanic",0.611493700432369
WR-30,"% white, non-Hispanic",0.933245916289559
WR-28,"% white, non-Hispanic",0.607380635343352
WR-29,"% white, non-Hispanic",0.607380635343352
WR-36,"% white, non-Hispanic",0.69589774078478
DE-02,"% white, non-Hispanic",0.932914388930609
DE-04,"% white, non-Hispanic",0.923423237403565
DE-05,"% white, non-Hispanic",0.94013784480478
DE-06,"% white, non-Hispanic",0.819889140851912
DE-10,"% white, non-Hispanic",0.884310175343796
DE-14,"% white, non-Hispanic",0.824648254299114
DE-15,"% white, non-Hispanic",0.824648254299114
DE-07,"% white, non-Hispanic",0.820435310512608
DE-11,"% white, non-Hispanic",0.824810404675296
DE-16,"% white, non-Hispanic",0.843042824169934
DE-12,"% white, non-Hispanic",0.907405722591074
DE-09,"% white, non-Hispanic",0.858034366500391
DE-13,"% white, non-Hispanic",0.868165955796821
DE-08,"% white, non-Hispanic",0.836361568347715
PE-26,"% white, non-Hispanic",0.777546527614863
PE-27,"% white, non-Hispanic",0.779108429025113
PE-45,"% white, non-Hispanic",0.888589114552179
PE-46,"% white, non-Hispanic",0.974015088013411
PE-51,"% white, non-Hispanic",0.974015088013411
PE-25,"% white, non-Hispanic",0.771748251748252
PE-35,"% white, non-Hispanic",0.771748251748252
PE-01,"% white, non-Hispanic",0.771748251748252
PE-34,"% white, non-Hispanic",0.771748251748252
PE-02,"% white, non-Hispanic",0.806716474558804
PE-03,"% white, non-Hispanic",0.75440399276274
26-02,"% white, non-Hispanic",0.808668522366411
PE-05,"% white, non-Hispanic",0.653961694145331
PE-04,"% white, non-Hispanic",0.805812293057945
26-01,"% white, non-Hispanic",0.793957826239205
PE-15,"% white, non-Hispanic",0.874051816157942
PE-14,"% white, non-Hispanic",0.755936861529691
PE-16,"% white, non-Hispanic",0.89748045178106
PE-20,"% white, non-Hispanic",0.898489829505667
PE-21,"% white, non-Hispanic",0.999466271612956
PE-07,"% white, non-Hispanic",0.910104220392392
PE-12,"% white, non-Hispanic",0.955475432703977
PE-06,"% white, non-Hispanic",0.92201362733498
PE-11,"% white, non-Hispanic",0.908498403079364
PE-10,"% white, non-Hispanic",0.676616618767715
PE-19,"% white, non-Hispanic",0.943249132064273
PE-13,"% white, non-Hispanic",0.90897670476656
PE-09,"% white, non-Hispanic",0.741711305593113
26-03,"% white, non-Hispanic",0.798780431489339
PE-08,"% white, non-Hispanic",0.637243432165175
PE-17,"% white, non-Hispanic",0.515072363074297
PE-18,"% white, non-Hispanic",0.484331527143094
PE-23,"% white, non-Hispanic",0.679346864749543
PE-24,"% white, non-Hispanic",0.954559723217023
PE-32,"% white, non-Hispanic",0.927972582212921
PE-41,"% white, non-Hispanic",0.781397127123131
PE-42,"% white, non-Hispanic",0.801801929569327
PE-33,"% white, non-Hispanic",0.924260121006963
PE-43,"% white, non-Hispanic",0.875830013280213
PE-44,"% white, non-Hispanic",0.408482398894619
PE-39,"% white, non-Hispanic",0.658172974495713
PE-40,"% white, non-Hispanic",0.620819066104512
PE-30,"% white, non-Hispanic",0.877984422866136
PE-31,"% white, non-Hispanic",0.870336155252465
PE-29,"% white, non-Hispanic",0.850077155955972
PE-28,"% white, non-Hispanic",0.865602129075183
PE-22,"% white, non-Hispanic",0.865602129075183
PE-37,"% white, non-Hispanic",0.91646205903013
PE-38,"% white, non-Hispanic",0.791535344439442
PE-48,"% white, non-Hispanic",0.81984535011296
PE-36,"% white, non-Hispanic",0.71584440227704
PE-53,"% white, non-Hispanic",0.815512315941088
PE-54,"% white, non-Hispanic",0.780893964389517
PE-47,"% white, non-Hispanic",0.860122718319903
PE-52,"% white, non-Hispanic",0.860147035482943
PE-55,"% white, non-Hispanic",0.635155015504984
PE-49,"% white, non-Hispanic",0.543514433780713
PE-56,"% white, non-Hispanic",0.927778951853222
PE-57,"% white, non-Hispanic",0.566725455614345
PE-50,"% white, non-Hispanic",0.589491494807133
PE-58,"% white, non-Hispanic",0.566725455614345
FR-02,"% white, non-Hispanic",0.68262606464551
FR-03,"% white, non-Hispanic",0.768852716277335
FR-08,"% white, non-Hispanic",0.950982890349641
FR-01,"% white, non-Hispanic",0.629809398961571
FR-06,"% white, non-Hispanic",0.848593662017388
FR-07,"% white, non-Hispanic",0.818298969072165
FR-05,"% white, non-Hispanic",0.920114122681883
FR-14,"% white, non-Hispanic",0.883132082433219
FR-04,"% white, non-Hispanic",0.846670306256145
FR-15,"% white, non-Hispanic",0.947527741045909
FR-29,"% white, non-Hispanic",0.919272501632861
FR-11,"% white, non-Hispanic",0.688129070455891
FR-12,"% white, non-Hispanic",0.688129070455891
FR-17,"% white, non-Hispanic",0.799890686990912
FR-18,"% white, non-Hispanic",0.76917433786393
FR-21,"% white, non-Hispanic",0.828954999230763
FR-22,"% white, non-Hispanic",0.956043982660304
FR-23,"% white, non-Hispanic",0.943695174326554
FR-26,"% white, non-Hispanic",0.957774968394437
FR-27,"% white, non-Hispanic",0.957774968394437
FR-13,"% white, non-Hispanic",0.859422750424448
FR-19,"% white, non-Hispanic",0.88861213063322
FR-28,"% white, non-Hispanic",0.938327732753508
FR-24,"% white, non-Hispanic",0.938327732753508
FR-09,"% white, non-Hispanic",0.742051885805703
FR-10,"% white, non-Hispanic",0.913539967373573
FR-16,"% white, non-Hispanic",0.935505753428772
FR-25,"% white, non-Hispanic",0.807091346153846
FR-20,"% white, non-Hispanic",0.614085864435688
06-02,"% white, non-Hispanic",0.162448953426745
LA-44,"% white, non-Hispanic",0.283126110124334
LA-50,"% white, non-Hispanic",0.283126110124334
24-03,"% white, non-Hispanic",0.312838336851853
24-02,"% white, non-Hispanic",0.520152091254753
DE-01,"% white, non-Hispanic",0.710593887616082
03-03,"% white, non-Hispanic",0.459006033394958
03-05,"% white, non-Hispanic",0.505712432922875
11-02,"% white, non-Hispanic",0.638797544775714
PI-08,Population density,206.966837527435
PI-18,Population density,814.128592311512
PI-25,Population density,152.040791891488
PI-26,Population density,2504.46862597937
PI-02,Population density,114.594915685787
PI-09,Population density,172.993135321584
PI-10,Population density,128.753495363031
PI-01,Population density,170.773111075101
PI-04,Population density,439.159578656517
PI-05,Population density,1207.6437679698
PI-06,Population density,497.94872574118
PI-03,Population density,97.6294988001975
PI-07,Population density,1755.24075875479
PI-11,Population density,658.958733505682
PI-12,Population density,604.056600132924
PI-13,Population density,1183.28337481498
PI-17,Population density,804.728524017959
PI-34,Population density,611.894352199327
PI-41,Population density,611.688680662166
WY-01,Population density,869.17578746314
WY-02,Population density,988.941686761681
PI-33,Population density,165.026901670369
PI-44,Population density,502.887766315402
PI-35,Population density,735.816781245888
PI-42,Population density,501.957839317188
PI-45,Population density,247.543289846646
PI-46,Population density,1509.13948100125
PI-47,Population density,597.744823140921
PI-14,Population density,249.376242385133
PI-15,Population density,432.068468796861
PI-16,Population density,493.974406060457
PI-19,Population density,607.782219700813
PI-20,Population density,670.700533581932
PI-21,Population density,1036.4774842638
PI-22,Population density,623.870116252466
PI-24,Population density,1532.66548579043
PI-23,Population density,1366.9807176821
PI-48,Population density,3142.24076170886
PI-36,Population density,529.55881689442
32-02,Population density,1767.71613850335
PI-43,Population density,1044.02677951894
32-01,Population density,1236.07567856703
PI-49,Population density,180.699266523336
32-03,Population density,1948.5320875601
PI-31,Population density,558.555982466293
WS-52,Population density,512.9912595952
PI-32,Population density,996.879852313663
PI-30,Population density,1691.19650128556
PI-28,Population density,1668.13631658027
PI-29,Population density,919.894058856182
PI-27,Population density,1559.64922718847
PI-50,Population density,628.301791784676
PI-39,Population density,1261.25096532735
PI-40,Population density,653.578972557905
PI-51,Population density,695.844652984468
WS-67,Population density,700.725441904589
PI-38,Population density,1291.54397976181
PI-37,Population density,303.713185132286
WS-02,Population density,1458.417933344
WS-11,Population density,639.62817987442
WS-12,Population density,700.960082996226
WS-01,Population density,675.231288905241
WS-03,Population density,259.304260711538
WS-04,Population density,181.834909755653
WS-05,Population density,2342.41940871244
WS-13,Population density,822.451410687035
WS-31,Population density,778.090468554549
WS-24,Population density,1293.14053859644
WS-23,Population density,1137.58161226136
WS-14,Population density,583.326916951285
WS-25,Population density,397.024188011124
21-02,Population density,988.425078373184
WS-26,Population density,338.725527411138
WS-27,Population density,436.030157136414
WS-42,Population density,435.729774466331
WS-18,Population density,248.682382771228
WS-17,Population density,229.523598508905
WS-06,Population density,2112.60276700772
WS-07,Population density,1228.83847388116
WS-08,Population density,308.833640604869
WS-09,Population density,151.323387503413
WS-37,Population density,211.993981663512
WS-19,Population density,302.268918910078
WS-36,Population density,222.985323459574
WS-10,Population density,1252.92716252166
WS-22,Population density,787.551728737567
WS-29,Population density,776.022790871356
WS-20,Population density,280.846060829616
WS-28,Population density,527.933011801664
WS-38,Population density,386.468425018145
WS-21,Population density,221.81225588312
WS-46,Population density,411.44035074601
WS-47,Population density,651.973527591704
WS-48,Population density,918.914376318824
WS-44,Population density,992.423411722972
WS-45,Population density,351.972236862658
21-06,Population density,1169.01938349114
WS-43,Population density,553.588886862643
WS-35,Population density,261.777137660611
21-01,Population density,678.753564313278
21-03,Population density,710.961405204726
WS-15,Population density,483.348487321137
WS-16,Population density,533.852613413855
WS-34,Population density,230.049120215694
WS-33,Population density,575.306511325205
WS-41,Population density,597.411284798004
WS-51,Population density,734.492275388022
WS-40,Population density,799.412857348159
WS-50,Population density,672.729775892972
WS-32,Population density,222.486685252916
WS-30,Population density,1321.52322006936
WS-39,Population density,1191.94439441626
WS-49,Population density,523.384991923415
WS-53,Population density,471.188012729286
WS-64,Population density,487.526937084282
20-09,Population density,697.684774511445
WS-68,Population density,301.981964476512
WS-57,Population density,250.899380717917
WS-54,Population density,332.452113973072
WS-55,Population density,276.761519327784
WS-58,Population density,165.968928058131
WS-59,Population density,136.594052929541
21-04,Population density,1161.90009090548
21-07,Population density,1199.33844508221
21-08,Population density,1492.2798701582
21-05,Population density,917.57609674807
WS-63,Population density,752.442456372596
LA-43,Population density,469.419178649202
21-13,Population density,947.752522816456
WS-61,Population density,919.139400431727
21-09,Population density,1138.51636967435
WS-56,Population density,260.861670501198
WS-62,Population density,1164.42360928996
WS-65,Population density,336.634539222498
WS-66,Population density,8868.6226238578
WS-60,Population density,433.134625491965
31-01,Population density,1029.22729528659
21-11,Population density,878.083958922279
21-12,Population density,484.862649189256
22-02,Population density,3356.75047831635
22-05,Population density,1186.55856370068
21-10,Population density,848.558472866307
20-01,Population density,667.788423082804
22-01,Population density,1016.98402094789
20-02,Population density,1508.26162639024
20-04,Population density,448.334842601895
20-03,Population density,983.893258837463
20-06,Population density,3066.87989937703
20-10,Population density,1247.2508410316
20-07,Population density,1699.5106697021
20-12,Population density,1816.12319689827
20-11,Population density,1947.90107152164
22-08,Population density,1432.79833947468
20-08,Population density,1812.10926976564
22-06,Population density,1621.79143780136
22-03,Population density,2499.42579685654
22-04,Population density,1696.48178468235
20-05,Population density,1347.17078623808
22-07,Population density,214.843220655898
31-02,Population density,546.543682766127
31-03,Population density,1294.15834278389
31-04,Population density,473.483479025152
WS-69,Population density,161.69237507719
LA-01,Population density,1288.23746474879
LA-02,Population density,1128.21813722893
LA-12,Population density,117.032947284385
LA-03,Population density,185.444328404302
LA-04,Population density,375.935523983852
LA-20,Population density,496.835755755098
LA-30,Population density,1110.01435894922
LA-31,Population density,461.833219900304
LA-21,Population density,890.67170897284
LA-22,Population density,337.695824130597
LA-15,Population density,388.225695089779
LA-24,Population density,667.584093807314
LA-25,Population density,239.761193268021
LA-26,Population density,489.378102733007
LA-33,Population density,265.155700593581
LA-47,Population density,230.812483303431
LA-32,Population density,572.589163202903
LA-23,Population density,737.654774244213
LA-07,Population density,359.595132341853
LA-08,Population density,1074.6179375815
LA-09,Population density,273.46876464513
LA-16,Population density,485.169881204622
LA-06,Population density,627.237437358546
LA-05,Population density,1149.54907821447
LA-13,Population density,472.610517590839
LA-14,Population density,340.077899332356
LA-66,Population density,783.213143239404
LA-67,Population density,1653.21317263828
27-12,Population density,2451.33258784
27-14,Population density,2449.71663207765
LA-55,Population density,776.956061849003
LA-56,Population density,593.307872096881
LA-10,Population density,1229.50644259637
LA-11,Population density,1042.11684612872
LA-17,Population density,607.23759032655
LA-27,Population density,1225.39783078116
LA-34,Population density,384.406097355781
LA-40,Population density,1194.62878828828
LA-48,Population density,651.225326891203
LA-18,Population density,546.42467083127
LA-19,Population density,944.230008160259
LA-29,Population density,243.856927824027
LA-28,Population density,848.715320719713
LA-49,Population density,308.571954895354
LA-41,Population density,3028.73918616794
LA-42,Population density,554.57149323559
LA-36,Population density,522.800905997359
LA-35,Population density,458.199450616275
LA-38,Population density,264.696512320373
LA-39,Population density,603.195562030287
LA-45,Population density,872.184720436304
LA-37,Population density,556.558986773826
27-02,Population density,839.118643767516
LA-52,Population density,1164.08006384763
27-01,Population density,570.097911010161
LA-51,Population density,345.287871065626
LA-59,Population density,1756.77418891046
LA-53,Population density,866.11809453911
LA-60,Population density,1640.07433644532
LA-58,Population density,877.576692408655
LA-61,Population density,1075.19337241154
LA-54,Population density,421.866857528915
LA-62,Population density,438.059548718929
LA-46,Population density,301.410839896046
27-11,Population density,2524.71922641595
27-10,Population density,1810.33152804092
LA-65,Population density,1408.24369136823
LA-63,Population density,455.33436493245
27-09,Population density,1432.86437665866
27-08,Population density,702.285038275101
LA-64,Population density,1140.1543145464
27-05,Population density,527.836957889498
27-07,Population density,791.396306198791
27-13,Population density,541.297414653833
27-03,Population density,2143.82194647623
27-04,Population density,1599.95194592443
LA-57,Population density,531.701717417414
27-06,Population density,697.842523157375
WY-29,Population density,547.337746096586
WY-30,Population density,374.737162883157
WY-38,Population density,408.821420554568
WY-39,Population density,501.936253250482
WY-31,Population density,1431.75410922819
WY-32,Population density,1877.58403050662
29-01,Population density,1147.01703743844
29-08,Population density,1182.52301682382
WY-08,Population density,1092.51125412638
WY-07,Population density,283.940211515011
WY-03,Population density,1304.5539970743
WY-04,Population density,1534.23399338161
WY-16,Population density,652.464049666014
WY-17,Population density,172.226590123017
WY-13,Population density,505.470267281758
WY-06,Population density,836.235984986715
WY-14,Population density,882.543374790861
WY-05,Population density,978.261276116696
WY-22,Population density,776.08790369267
WY-11,Population density,445.202459809612
WY-12,Population density,1002.68315576061
WY-09,Population density,870.824059973097
29-09,Population density,307.81411503655
29-02,Population density,680.249874817621
WY-15,Population density,991.807373943839
WY-21,Population density,979.750049949367
29-04,Population density,485.737641599406
29-03,Population density,2014.53419564935
29-10,Population density,1298.79993816615
29-11,Population density,491.02313243509
WY-10,Population density,258.562047814082
29-05,Population density,643.972247417004
29-07,Population density,487.98166894737
29-06,Population density,2254.55403137596
29-16,Population density,624.290571991581
29-15,Population density,593.920328794656
29-18,Population density,698.093903173096
29-12,Population density,2700.4854616876
29-13,Population density,1027.14160201111
29-17,Population density,688.85302094794
29-14,Population density,219.863427343792
WY-18,Population density,1238.41412378141
WY-23,Population density,877.330853406015
WY-24,Population density,1181.07330947937
WY-25,Population density,574.705554144961
WY-26,Population density,14438.1742264096
WY-27,Population density,820.310301103466
WY-20,Population density,1053.33067322822
WY-28,Population density,438.357690192235
WY-19,Population density,1272.86025020871
19-01,Population density,632.108607494128
19-02,Population density,885.897203347241
19-03,Population density,1075.09020772019
19-06,Population density,984.377086548
24-01,Population density,857.785208663651
19-05,Population density,701.59871039355
19-04,Population density,952.898180622758
WY-36,Population density,179.532023301864
WY-37,Population density,1213.37805556321
WY-33,Population density,546.706390986072
WY-40,Population density,691.188183964027
WY-34,Population density,4242.06078148197
WY-42,Population density,178.964899931615
WY-41,Population density,1051.78471456047
WY-35,Population density,522.342804510341
WY-51,Population density,1872.92934532517
WY-56,Population density,294.575650801143
WY-57,Population density,279.821734521267
WY-55,Population density,1526.32873889853
WY-43,Population density,334.860112739801
WY-44,Population density,2023.32173679447
WY-45,Population density,1160.28709718776
WY-49,Population density,899.689875546869
WY-52,Population density,741.101239141982
WY-53,Population density,344.617094568392
WY-46,Population density,1511.28791214286
WY-50,Population density,1788.4468416631
WY-60,Population density,1016.95706268623
WY-58,Population density,512.101813277025
DE-03,Population density,962.742718327908
WY-59,Population density,107.659408126095
WY-47,Population density,716.030439264088
WY-48,Population density,381.397642035318
WY-54,Population density,561.454824290357
24-04,Population density,266.489794652379
24-05,Population density,357.47683343344
06-03,Population density,422.687860301951
06-05,Population density,622.59910523745
06-01,Population density,388.466026351645
05-02,Population density,2920.93127861817
04-01,Population density,908.513390665058
05-01,Population density,607.579212410735
04-02,Population density,869.050989419604
04-03,Population density,1112.39146514188
01-01,Population density,677.041155123011
01-02,Population density,766.710129716847
23-02,Population density,1390.10387118454
04-04,Population density,675.870481793364
23-01,Population density,468.079071268413
01-07,Population density,821.915211526875
01-04,Population density,649.564896899727
01-05,Population density,619.592140178982
01-03,Population density,994.667769886327
01-06,Population density,350.788327286683
01-08,Population density,586.77434722347
23-04,Population density,829.601451269591
03-01,Population density,1063.12762340905
23-03,Population density,792.579980617709
04-05,Population density,952.678410660098
05-03,Population density,805.489706925689
05-06,Population density,860.564637672581
06-04,Population density,1194.01531360242
06-06,Population density,273.302655472001
05-04,Population density,1203.84565213802
05-05,Population density,162.952341500524
07-02,Population density,991.620013716253
03-02,Population density,1682.10287451138
03-04,Population density,1588.98963525315
23-08,Population density,622.828370124257
23-06,Population density,792.59171003388
23-05,Population density,1052.03327164937
23-07,Population density,715.642530413824
01-09,Population density,1128.68703972772
01-10,Population density,753.130982343241
09-02,Population density,904.414239680971
09-01,Population density,363.943293630484
09-03,Population density,759.916783650353
09-07,Population density,1476.76559591471
09-04,Population density,1291.50440364281
02-04,Population density,843.206700712185
02-03,Population density,521.003446615899
02-02,Population density,812.900726809474
02-01,Population density,699.080954919294
23-09,Population density,459.323888577093
07-03,Population density,354.800516089885
08-01,Population density,1612.37759805809
08-02,Population density,1635.35360736905
12-03,Population density,706.314650075423
07-01,Population density,472.534049719067
12-01,Population density,655.082176314346
12-02,Population density,445.284564185068
11-01,Population density,2207.10633411209
11-04,Population density,4226.81221711358
08-03,Population density,694.671507968115
11-03,Population density,5816.47956866355
11-05,Population density,2151.09618836235
10-01,Population density,835.70386494564
10-02,Population density,1207.63164209324
10-03,Population density,1266.65096045903
10-05,Population density,779.690828136672
10-04,Population density,748.928441922329
09-06,Population density,883.390829378323
09-05,Population density,1882.70722854092
25-01,Population density,1211.6095316436
25-02,Population density,916.631600103969
25-03,Population density,1101.95427430577
25-05,Population density,1121.12023129307
25-04,Population density,485.681081976432
16-03,Population density,223.158402728303
16-01,Population density,779.049422364379
16-02,Population density,557.838757156067
15-02,Population density,1131.71901352274
16-04,Population density,1064.6366424592
16-05,Population density,1212.88950631064
15-01,Population density,537.19496462036
14-01,Population density,732.291294756111
14-02,Population density,141.353833977494
13-01,Population density,381.558263192473
13-02,Population density,735.423794086747
13-03,Population density,817.96225726959
17-02,Population density,744.889344729782
17-01,Population density,496.933516821441
17-03,Population density,623.728075171172
17-04,Population density,471.945010446213
17-05,Population density,278.723448107304
30-07,Population density,402.625717580343
CO-02,Population density,706.688807084365
CO-01,Population density,466.494368579756
30-04,Population density,1145.98463258917
30-06,Population density,978.154724713184
30-05,Population density,689.763823855883
30-01,Population density,594.198404651549
30-03,Population density,773.29778542328
13-05,Population density,535.301021491468
30-02,Population density,640.76958568093
13-04,Population density,90.4491854496844
28-03,Population density,389.287150250397
28-04,Population density,1107.40446099636
28-02,Population density,1278.85955404142
28-01,Population density,256.127522547382
WR-01,Population density,303.583754495699
28-12,Population density,632.934668941619
WR-02,Population density,370.937066482458
28-14,Population density,880.057806094411
28-17,Population density,622.384404798974
28-13,Population density,777.261874269836
WR-03,Population density,380.540234578437
28-05,Population density,585.711264230217
WR-05,Population density,1273.62775870611
WR-04,Population density,1981.31639482221
WR-10,Population density,1541.40613823306
WR-09,Population density,421.787576194416
28-15,Population density,487.422713159637
28-16,Population density,621.839778653902
WR-06,Population density,1703.90294851168
WR-07,Population density,860.51353916487
WR-08,Population density,604.744000519079
WR-11,Population density,1101.51203108191
WR-12,Population density,539.355222219082
WR-20,Population density,478.579729048523
WR-21,Population density,818.148766422034
WR-17,Population density,758.398134404729
WR-25,Population density,548.404257043129
WR-15,Population density,166.827427120749
WR-16,Population density,793.834382091586
WR-24,Population density,272.486142068091
WR-27,Population density,355.983668697309
WR-13,Population density,1053.38934444301
WR-14,Population density,352.308049228162
WR-19,Population density,292.059677007985
WR-26,Population density,121.088890928368
WR-23,Population density,821.099635704984
WR-22,Population density,312.386969721437
WR-18,Population density,1014.38797340293
28-08,Population density,547.31181686933
28-10,Population density,1087.09362950901
18-03,Population density,601.447616452748
28-09,Population density,1103.97536501897
28-11,Population density,958.051327872641
28-07,Population density,334.997288871501
28-06,Population density,338.231772662656
18-01,Population density,906.588122704387
18-02,Population density,1088.90570404462
18-04,Population density,1857.63406222624
18-06,Population density,428.109599722578
18-07,Population density,1301.62437820009
18-05,Population density,979.192260289028
WR-31,Population density,191.944753493913
WR-32,Population density,371.481598867261
WR-33,Population density,454.912516958053
WR-34,Population density,236.420213469245
WR-35,Population density,199.752583335169
WR-30,Population density,220.578866331118
WR-28,Population density,771.828437975433
WR-29,Population density,417.543936796187
WR-36,Population density,91.1503688167093
DE-02,Population density,148.222524809452
DE-04,Population density,540.740399256876
DE-05,Population density,634.487462785745
DE-06,Population density,790.323684931757
DE-10,Population density,318.895244624854
DE-14,Population density,2659.44410560291
DE-15,Population density,949.886767457695
DE-07,Population density,265.633687049109
DE-11,Population density,325.81103579891
DE-16,Population density,72.1836606025633
DE-12,Population density,762.560684307878
DE-09,Population density,1375.91511679621
DE-13,Population density,717.503462305901
DE-08,Population density,464.123952695603
PE-26,Population density,1849.00621737247
PE-27,Population density,2888.19440867272
PE-45,Population density,621.655262930374
PE-46,Population density,515.802625562921
PE-51,Population density,735.205840442286
PE-25,Population density,2675.59231419067
PE-35,Population density,1688.65489991525
PE-01,Population density,177.408599688826
PE-34,Population density,375.510012632758
PE-02,Population density,235.826807332264
PE-03,Population density,692.543515573055
26-02,Population density,811.94489769264
PE-05,Population density,475.759749554939
PE-04,Population density,434.14228948858
26-01,Population density,813.446372443293
PE-15,Population density,1979.60563187508
PE-14,Population density,1892.24576215953
PE-16,Population density,328.109505317778
PE-20,Population density,740.667314356019
PE-21,Population density,358.520015030985
PE-07,Population density,888.791681591188
PE-12,Population density,611.083954486189
PE-06,Population density,639.09895621796
PE-11,Population density,393.14562544769
PE-10,Population density,1185.36448698239
PE-19,Population density,529.531124091589
PE-13,Population density,469.93491967435
PE-09,Population density,1024.7799513934
26-03,Population density,868.291304607609
PE-08,Population density,233.931472970691
PE-17,Population density,369.147567783201
PE-18,Population density,708.564235951055
PE-23,Population density,534.035912188051
PE-24,Population density,270.444914828839
PE-32,Population density,710.496194517433
PE-41,Population density,755.151546791556
PE-42,Population density,1733.22519199045
PE-33,Population density,591.95012293791
PE-43,Population density,441.726009980761
PE-44,Population density,672.346363398444
PE-39,Population density,963.065324905449
PE-40,Population density,692.59252592358
PE-30,Population density,402.935038779134
PE-31,Population density,272.180150021459
PE-29,Population density,575.161757843812
PE-28,Population density,1073.12964392348
PE-22,Population density,341.348155069102
PE-37,Population density,646.705667998872
PE-38,Population density,341.754736728729
PE-48,Population density,1124.9967982502
PE-36,Population density,401.752376866918
PE-53,Population density,889.289111166227
PE-54,Population density,783.243889366911
PE-47,Population density,498.581516007533
PE-52,Population density,610.395408936926
PE-55,Population density,413.719290086616
PE-49,Population density,2300.4520838566
PE-56,Population density,757.126299373203
PE-57,Population density,1622.92376259339
PE-50,Population density,1550.15129609308
PE-58,Population density,309.769504980129
FR-02,Population density,640.843095570824
FR-03,Population density,339.115409127018
FR-08,Population density,376.091768421001
FR-01,Population density,432.138125602984
FR-06,Population density,612.614995853868
FR-07,Population density,344.508973327429
FR-05,Population density,253.247926146027
FR-14,Population density,321.615614129192
FR-04,Population density,60.0696719961416
FR-15,Population density,101.259901416823
FR-29,Population density,78.9655241768528
FR-11,Population density,1562.06127617039
FR-12,Population density,1088.60102014808
FR-17,Population density,908.29036244239
FR-18,Population density,1171.66013065724
FR-21,Population density,758.610482795701
FR-22,Population density,1384.85790552494
FR-23,Population density,2061.00438857585
FR-26,Population density,643.727077852567
FR-27,Population density,796.932380492275
FR-13,Population density,453.695757640177
FR-19,Population density,521.510171613703
FR-28,Population density,349.838180045685
FR-24,Population density,871.940664211234
FR-09,Population density,955.836195104991
FR-10,Population density,675.803118798472
FR-16,Population density,484.54951441529
FR-25,Population density,157.070035229835
FR-20,Population density,463.910344387686
06-02,Population density,758.394781618976
LA-44,Population density,552.431541896199
LA-50,Population density,672.895489691787
24-03,Population density,1260.56686002006
24-02,Population density,1341.52271471147
DE-01,Population density,65.175744840126
03-03,Population density,1361.88747481836
03-05,Population density,1682.72474001731
11-02,Population density,2583.70814859487
